{
  "epochs": [
    10,
    20,
    30,
    40,
    50,
    60,
    70,
    80,
    90,
    100,
    110,
    120,
    130,
    140,
    150,
    160,
    170,
    180
  ],
  "train_mse": [
    0.9455748015535289,
    0.9078716131518229,
    0.8875269594693213,
    0.8804020794273758,
    0.9293776670253512,
    0.9138720865860052,
    0.8907450427292167,
    0.8726792699690246,
    0.8957028223574526,
    0.9116205562601866,
    0.8839407860454371,
    0.855893832581823,
    0.8605179926910589,
    0.9046018269904119,
    0.8871341539142039,
    0.8896594010438722,
    0.87606200241792,
    0.9143229454606555
  ],
  "val_mse": [
    1.0920245583487016,
    1.084054806202081,
    1.0808289581354904,
    1.0621825396101126,
    1.05661866929834,
    1.0887661661297396,
    1.0695865646819998,
    1.0542767229758818,
    1.0360625373263148,
    1.0470196941026322,
    1.0253267436534528,
    1.0254311857893526,
    1.064592484073909,
    1.0248082866682333,
    1.0129801298527128,
    1.0231676148735729,
    1.0208366361302599,
    1.018886738323081
  ],
  "val_energy_scores": [
    2.1876066567917967,
    2.5155009452113397,
    2.0471521907208228,
    1.9126738694955905,
    2.059918905755781,
    2.5026158760382824,
    1.736047851361732,
    2.3729370471690547,
    2.4216755227635316,
    2.034907613496178,
    1.0436448207993396,
    1.9281777576206514,
    1.8078491371458272,
    1.8391389106005431,
    1.5891994077807476,
    1.8478478707170805,
    1.9187810899442228,
    2.0596909175632994
  ],
  "training_time": 48.18330526351929,
  "hardware": "x86_64",
  "final_energy_score": 1.8290835618972778,
  "architecture": "raw_features_only",
  "hidden_layers": [
    256,
    128,
    128,
    64
  ],
  "training_data": "infinite (generated fresh each epoch)"
}