{
  "epochs": [
    10,
    20,
    30,
    40,
    50
  ],
  "train_mse": [
    1.106523404150434,
    0.9578988952595372,
    0.969355483992247,
    0.919891274437333,
    0.9176547974599302
  ],
  "val_mse": [
    1.2663092931626225,
    1.145041023889656,
    1.2108657750331788,
    1.1531905896399137,
    1.1701640671578315
  ],
  "val_energy_scores": [
    2.132761240005493,
    1.7422137260437012,
    2.5603091716766357,
    2.714846134185791,
    2.316671133041382
  ],
  "training_time": 130.34919476509094,
  "hardware": "x86_64",
  "final_energy_score": 2.3086743354797363
}