step,energy_score,time_seconds
50,1.8924773931503296,19.749041318893433
100,1.8827039003372192,40.61688780784607
150,1.88670814037323,52.65185213088989
200,1.903923749923706,65.4120740890503
250,1.889419436454773,75.39725923538208
300,1.8706201314926147,85.11788749694824
350,1.8708078861236572,94.14440393447876
400,1.877661943435669,102.52908730506897
450,1.8876789808273315,111.21339583396912
