step,energy_score,time_seconds
50,1.908972144126892,28.747765064239502
100,1.9141013622283936,61.30883312225342
150,1.9314030408859253,74.62477564811707
200,1.8195406198501587,85.40570521354675
250,1.928162932395935,95.53121066093445
300,1.8241057395935059,105.94815587997437
350,1.8763469457626343,116.065434217453
