{
  "epochs": [
    10,
    20,
    30,
    40,
    50,
    60,
    70,
    80
  ],
  "train_mse": [
    0.9964250489247954,
    0.899636293537311,
    0.9268799554777447,
    0.8836216131525078,
    0.8832045397535254,
    0.8721254135018115,
    0.8712793178622271,
    0.825075770131676
  ],
  "val_mse": [
    1.1301358009276277,
    1.162326793984131,
    1.168990391551634,
    1.1139187419668892,
    1.0624721983567909,
    1.113230307176519,
    1.0969138278726025,
    1.1368729380515434
  ],
  "val_energy_scores": [
    1.9810750484466553,
    1.7921322584152222,
    2.5594024658203125,
    2.6829442977905273,
    2.1465420722961426,
    2.5739598274230957,
    1.8921799659729004,
    2.681126356124878
  ],
  "training_time": 199.82731938362122,
  "hardware": "x86_64",
  "final_energy_score": 1.8145229816436768
}