step,energy_score,time_seconds
0,2.4939732551574707,0.0
50,1.8984469175338745,30.231146574020386
100,1.8964357376098633,38.794228315353394
150,1.8907616138458252,48.0611846446991
200,1.8783996105194092,57.03674626350403
250,1.8992854356765747,66.16961193084717
300,1.8930532932281494,76.90196442604065
350,1.900887370109558,86.22559070587158
400,1.8797951936721802,95.84163236618042
450,1.8943464756011963,105.59896469116211
500,1.9002891778945923,115.22948145866394
