{
  "epochs": [
    10,
    20,
    30,
    40,
    50
  ],
  "train_errors": [
    -0.49395568819057045,
    -0.5113764965252833,
    -0.53373046283809,
    -0.5609681657451078,
    -0.5452424444530531
  ],
  "val_errors": [
    -0.1986303983192348,
    -0.28233058868369965,
    -0.25448819202116824,
    -0.27643473505261196,
    -0.24107992148761104
  ],
  "training_time": 16.456650257110596,
  "hardware": "x86_64",
  "energy_score": 2.169576406478882
}