{
  "epochs": [
    10,
    20,
    30,
    40,
    50,
    60
  ],
  "train_mse": [
    0.9227737971078108,
    0.8957477857472164,
    0.9580618521193638,
    0.9160983261510482,
    0.9175521366165513,
    0.9083847224441524
  ],
  "val_mse": [
    1.0281184608136766,
    1.0407373483139721,
    1.0143796463546322,
    1.0351857198694916,
    1.0221769302298762,
    1.054074625843107
  ],
  "val_energy_scores": [
    1.8261512517929077,
    1.6076618432998657,
    2.284797191619873,
    2.583425521850586,
    1.9985918998718262,
    2.442929267883301
  ],
  "training_time": 13.348227977752686,
  "hardware": "x86_64",
  "final_energy_score": 1.9166724681854248
}