step,train_loss,train_val_mse,test_val_mse,time_seconds
10,1.113901424407959,1.1051872968673706,1.1704840660095215,15.439170837402344
20,1.081223539205698,1.0781439542770386,1.1462061405181885,21.725371837615967
30,1.062333371089055,1.0734127759933472,1.145405888557434,23.10299301147461
40,1.0626438370117774,1.0702251195907593,1.1503926515579224,24.49967122077942
50,1.0516939621705275,1.0669469833374023,1.1280694007873535,26.03860640525818
