step,energy_score,time_seconds
50,1.8417755365371704,23.960005044937134
