step,train_loss,time_seconds
10,1.1136532361690814,17.609392166137695
20,1.0795144429573647,19.4451425075531
30,1.0615512701181264,20.837761402130127
40,1.0617171039948097,22.345956563949585
50,1.0505786363895122,23.960005044937134
