{
  "epochs": [
    10,
    20,
    30,
    40,
    50
  ],
  "train_mse": [
    1.0467999442485052,
    1.002965727293981,
    0.9665911997642921,
    0.8963737860308053,
    0.9091858713533406
  ],
  "val_mse": [
    1.3105498673347133,
    1.1736676183100776,
    1.2192007270976215,
    1.177263614366248,
    1.2388315898113935
  ],
  "val_energy_scores": [
    2.657005548477173
  ],
  "training_time": 38.47730827331543,
  "hardware": "x86_64",
  "final_energy_score": 2.182868003845215
}