step,energy_score,time_seconds
50,2.0343737602233887,26.03860640525818
