epoch,train_loss,test_loss,train_accuracy,test_accuracy,time_seconds
0,4.568268775939941,4.580318450927734,0.016365567222237587,0.006590135861188173,8.593183994293213
1504,0.004920186474919319,0.013103988952934742,1.0,1.0,38.59820747375488
